{
    "りんご*カスタードムース": {
        "Plain meal": 0.7094066739082336,
        "Light meal": 0.7204033136367798,
        "Heavy meal": 0.702643632888794,
        "Healthy": 0.709367573261261,
        "Salty": 0.6711703538894653,
        "Sweet": 0.720241367816925,
        "Spicy": 0.6995894312858582,
        "Sour": 0.6874439120292664,
        "Greasy": 0.6768616437911987
    },
    "チーズ入りさつまいもとりんごのサラダ": {
        "Plain meal": 0.6595189571380615,
        "Light meal": 0.6766825318336487,
        "Heavy meal": 0.6640936732292175,
        "Healthy": 0.6749739646911621,
        "Salty": 0.6290392279624939,
        "Sweet": 0.6388849020004272,
        "Spicy": 0.6449087262153625,
        "Sour": 0.6101934313774109,
        "Greasy": 0.6279581785202026
    },
    "簡単だけど、すごっく美味しいアップルパイ": {
        "Plain meal": 0.7082316875457764,
        "Light meal": 0.7173009514808655,
        "Heavy meal": 0.7146813273429871,
        "Healthy": 0.7192912697792053,
        "Salty": 0.6784265637397766,
        "Sweet": 0.6936397552490234,
        "Spicy": 0.6907825469970703,
        "Sour": 0.6801883578300476,
        "Greasy": 0.6944947242736816
    },
    "フライパンで時短簡単タルトタタン": {
        "Plain meal": 0.6869412660598755,
        "Light meal": 0.6906482577323914,
        "Heavy meal": 0.6882637143135071,
        "Healthy": 0.6736569404602051,
        "Salty": 0.6616557836532593,
        "Sweet": 0.6759130358695984,
        "Spicy": 0.6574745774269104,
        "Sour": 0.669166088104248,
        "Greasy": 0.6628329157829285
    },
    "フランス流りんごケーキ　ガトー・インビジブル": {
        "Plain meal": 0.7242674231529236,
        "Light meal": 0.7178080677986145,
        "Heavy meal": 0.711492657661438,
        "Healthy": 0.7124305963516235,
        "Salty": 0.6822331547737122,
        "Sweet": 0.7167080640792847,
        "Spicy": 0.6913869976997375,
        "Sour": 0.6891031265258789,
        "Greasy": 0.6856910586357117
    },
    "白菜と人参の中華サラダ♪": {
        "Plain meal": 0.6138254404067993,
        "Light meal": 0.6362744569778442,
        "Heavy meal": 0.6255174279212952,
        "Healthy": 0.6292716860771179,
        "Salty": 0.5845392346382141,
        "Sweet": 0.5985320210456848,
        "Spicy": 0.5996419787406921,
        "Sour": 0.5758200287818909,
        "Greasy": 0.5675314664840698
    },
    "材料２つだけ超簡単・にんじんしりしり☆": {
        "Plain meal": 0.7552698254585266,
        "Light meal": 0.7667115926742554,
        "Heavy meal": 0.760141134262085,
        "Healthy": 0.7798367738723755,
        "Salty": 0.7777768969535828,
        "Sweet": 0.7707802653312683,
        "Spicy": 0.8073620200157166,
        "Sour": 0.7227635979652405,
        "Greasy": 0.7356041073799133
    },
    "★子供大好きレシピ★焼肉のタレ利用/簡単チャプチェ": {
        "Plain meal": 0.6588132977485657,
        "Light meal": 0.6924035549163818,
        "Heavy meal": 0.6848503351211548,
        "Healthy": 0.6870018243789673,
        "Salty": 0.6607640981674194,
        "Sweet": 0.6754583716392517,
        "Spicy": 0.6988856196403503,
        "Sour": 0.6295731663703918,
        "Greasy": 0.6604028940200806
    },
    "人参とピーマンのツナ炒め♪": {
        "Plain meal": 0.5396739840507507,
        "Light meal": 0.5611091256141663,
        "Heavy meal": 0.5558633208274841,
        "Healthy": 0.5588036179542542,
        "Salty": 0.5191754698753357,
        "Sweet": 0.534522533416748,
        "Spicy": 0.5636798143386841,
        "Sour": 0.5006040334701538,
        "Greasy": 0.5052313208580017
    },
    "甜麺醤なしで出来る！簡単 ホイコーロー": {
        "Plain meal": 0.8164805173873901,
        "Light meal": 0.8278337717056274,
        "Heavy meal": 0.8377605080604553,
        "Healthy": 0.8432449102401733,
        "Salty": 0.7997542023658752,
        "Sweet": 0.8195585608482361,
        "Spicy": 0.8257687091827393,
        "Sour": 0.7702241539955139,
        "Greasy": 0.7857365608215332
    },
    "ジューシーな餃子☆": {
        "Plain meal": 0.6260442137718201,
        "Light meal": 0.6432768702507019,
        "Heavy meal": 0.6503006815910339,
        "Healthy": 0.6399582624435425,
        "Salty": 0.626727819442749,
        "Sweet": 0.6400978565216064,
        "Spicy": 0.6539512872695923,
        "Sour": 0.6584640145301819,
        "Greasy": 0.6561001539230347
    },
    "プロ直伝！野菜炒め": {
        "Plain meal": 0.7279403805732727,
        "Light meal": 0.7492797374725342,
        "Heavy meal": 0.7418785095214844,
        "Healthy": 0.7560237646102905,
        "Salty": 0.7193387150764465,
        "Sweet": 0.7306272983551025,
        "Spicy": 0.7474865913391113,
        "Sour": 0.6736366152763367,
        "Greasy": 0.736433744430542
    },
    "キャベツとしめじのマヨポン炒め": {
        "Plain meal": 0.6208550930023193,
        "Light meal": 0.6507785320281982,
        "Heavy meal": 0.6374260783195496,
        "Healthy": 0.6271347999572754,
        "Salty": 0.6012076139450073,
        "Sweet": 0.6070845127105713,
        "Spicy": 0.6141868233680725,
        "Sour": 0.5962323546409607,
        "Greasy": 0.5894421339035034
    }
}